region,plz
9576111,91183
9273111,93326
9577111,91720
9675111,97355
9276111,94250
9176111,85111
9572111,91325
9571111,91587
9179111,82276
9772111,86477
9771111,86559
9274111,84166
9771112,86444
9274112,84168
9278112,94345
9271111,94527
9473112,96482
9472111,95491
9771113,86551
9275111,94529
9774166,86479
9275112,94501
9674111,97491
9273113,84089
9771114,86447
9172111,83404
9773111,89344
9278113,94330
9777111,87648
9187186,83544
9675112,97320
9275114,94501
9779111,86733
9577113,91793
9774111,86480
9574111,91236
9576113,90584
9178113,85391
9179113,82239
9772114,86695
9274113,84032
9574112,90518
9375113,93087
9676111,97901
9376112,92540
9471111,96146
9478111,96264
9189111,83352
9772115,86450
9190111,86972
9775111,89281
9374111,92665
9375114,93177
9679165,97237
9274114,84169
9179114,82278
9176112,93336
9174111,85250
9171111,84503
9780112,87452
9671111,63755
9361000,92224
9778111,86854
9187113,83123
9779112,86735
9573111,90614
9371111,92260
9676112,63916
9183112,84539
9188117,82346
9172112,83454
9561000,91522
9190113,82387
9175111,85646
9181111,86974
9778113,87742
9571113,91722
9185113,86561
9276113,93471
9372112,93473
9677114,97450
9277111,94424
9372113,93474
9479112,95659
9779115,86663
9278116,94347
9661000,63739
9661000,63741
9661000,63743
9183113,84544
9187114,83229
9184112,85609
9175112,85617
9273115,84091
9178115,85395
9278117,94348
9679114,97239
9673113,97633
9271113,94530
9371113,91275
9375115,93089
9472115,91347
9761000,86150
9761000,86152
9761000,86153
9761000,86154
9761000,86156
9761000,86157
9761000,86159
9761000,86161
9761000,86163
9761000,86165
9761000,86167
9761000,86169
9761000,86179
9761000,86199
9779117,86736
9178116,84072
9672111,97717
9571114,91589
9572114,91086
9677116,97773
9271114,94532
9184137,85653
9772117,86482
9771176,86674
9186113,85107
9778115,87727
9187116,83547
9375116,93090
9773112,89429
9773113,89431
9273116,93077
9187117,83043
9479111,95680
9180113,82435
9472116,95460
9277113,84364
9672112,97708
9672113,97769
9187128,83093
9187129,83075
9275116,94072
9275124,94086
9778144,87730
9173111,83670
9780123,87541
9672114,97688
9180112,82433
9673141,97631
9372137,93444
9377142,95698
9673114,97616
9172114,83435
9473158,96476
9478165,96231
9475112,95138
9173112,83646
9182111,83707
9575112,91438
9778116,86825
9274118,84171
9184113,82065
9175113,85625
9572115,91083
9777114,87650
9780113,87538
9774115,86483
9461000,96047
9461000,96049
9461000,96050
9461000,96052
9375117,93092
9377112,95671
9673116,97654
9575113,91460
9471115,96148
9277112,94137
9274119,84092
9276115,94252
9172115,83457
9462000,95444
9462000,95445
9462000,95447
9462000,95448
9182112,83735
9571115,91572
9374170,92699
9176114,92339
9775115,89287
9173113,83671
9778118,87734
9375118,93176
9373112,92334
9172116,83471
9188113,82335
9475113,95180
9373113,92348
9189113,83346
9577115,91790
9185118,86673
9185116,86562
9174113,85232
9177112,85459
9678115,97493
9679117,97241
9187118,83233
9190114,86975
9373114,92361
9375119,93170
9271116,94505
9190115,82347
9671112,63856
9472118,91282
9780114,87488
9275117,94501
9772121,86485
9774119,89346
9273119,93354
9173115,83673
9777118,87651
9675113,97318
9679118,97243
9777112,87640
9472119,95463
9773116,86637
9371116,92262
9677119,97834
9471117,96120
9677120,97836
9677120,97852
9472121,95493
9673117,97653
9276116,94253
9172117,83483
9773117,86657
9372115,93476
9780115,87544
9671113,63825
9773119,89434
9190117,82389
9772125,86399
9276118,94255
9177113,85461
9274120,84155
9276117,94249
9376116,92439
9776111,88131
9278118,94327
9778119,87736
9176116,85113
9780116,87538
9772126,86486
9778120,87737
9377113,95682
9187120,83098
9674118,96151
9187121,83254
9275118,94139
9778121,87739
9373115,92363
9471119,96149
9774117,86488
9375120,93179
9175114,85567
9274194,84079
9571122,91590
9376117,92436
9187122,83052
9375122,93164
9185123,86564
9184114,85649
9572119,91088
9774118,89347
9775118,89290
9177114,85656
9274121,84172
9571125,91592
9183114,84428
9675114,97320
9779126,86675
9576117,91186
9780117,87474
9271118,94533
9275119,94124
9777121,86807
9572120,91054
9674120,97494
9774121,89331
9780118,87545
9575115,91593
9471120,96138
9190118,86977
9575116,96152
9171112,84489
9185125,86666
9171113,84508
9478116,96224
9673186,97724
9376119,93133
9571127,91595
9674121,97496
9577120,91790
9677122,97775
9676116,63927
9574117,90559
9471122,96154
9571128,91596
9672117,97705
9774122,89349
9471123,96155
9773122,86647
9679122,97244
9778123,87740
9176118,85114
9573114,90556
9675116,97355
9372116,93413
9372117,93466
9189114,83339
9187123,83209
9187123,83256
9463000,96450
9676117,97896
9676117,97903
9571130,91598
9472127,95473
9174115,85221
9575117,91462
9779129,86653
9671160,63874
9771122,86453
9271119,94469
9373119,92364
9779130,86738
9774124,86489
9176120,85095
9181113,86920
9571132,91599
9675117,97337
9375127,93180
9571134,91583
9772130,86420
9575118,91456
9181114,86911
9571135,90599
9277114,84378
9575119,91463
9376122,92542
9373121,92345
9780119,87463
9173118,83623
9773125,89407
9279112,84130
9678122,97497
9571136,91550
9772131,86424
9778127,87742
9778127,87782
9678123,97456
9577122,91723
9475120,95182
9176121,91795
9571137,91601
9375130,93093
9779131,86609
9678124,97499
9177115,84405
9473120,96487
9676118,97904
9474119,91077
9276120,94256
9375131,93182
9375131,93195
9780120,87471
9774127,89350
9571139,91602
9674129,97500
9478120,96250
9190120,82390
9371118,92263
9474121,91320
9674130,96106
9175115,85560
9473121,96237
9774129,86491
9377115,95683
9471128,96157
9178120,85386
9274124,84174
9181115,82279
9572121,90542
9472131,95488
9371119,92265
9779136,86739
9187124,83533
9474122,91090
9179117,82281
9778130,87743
9277116,84307
9777124,87653
9277117,84385
9183115,84546
9474123,91330
9187125,83125
9275120,94535
9190121,82436
9173120,82544
9181116,86492
9474124,91349
9175116,85658
9176122,85116
9185127,86676
9772134,86678
9571141,91725
9779138,86741
9679124,97246
9179118,82223
9676119,63928
9676119,74731
9676119,97896
9279113,94428
9176123,85072
9187126,83549
9777125,87637
9679167,97247
9679126,97249
9176124,85117
9177116,85462
9775139,89081
9775139,89275
9672121,97725
9772136,86679
9577125,91792
9774133,89352
9273163,84094
9676121,63820
9674133,97483
9772137,86494
9175136,83550
9179119,82275
9171114,84547
9575121,91448
9472133,95517
9189115,84549
9574120,91238
9371120,92266
9272116,94536
9778134,87745
9377116,92681
9177117,85435
9174118,85253
9181118,86922
9181118,86926
9181118,86941
9575122,91465
9274126,84030
9274127,84061
9183116,84513
9277118,94140
9778136,87746
9679128,97250
9562000,91052
9562000,91054
9562000,91056
9562000,91058
9171115,84567
9676122,63906
9677125,97837
9674223,96126
9186116,85119
9676123,63863
9374117,92676
9180114,82438
9372124,93458
9374118,92693
9677126,97839
9274128,84051
9273121,93343
9679130,97230
9180115,82488
9577127,91796
9778137,86833
9371140,92268
9374119,92694
9678128,97502
9672122,97717
9771129,86495
9173123,82547
9677127,97776
9178123,85777
9277119,84326
9377117,95685
9278120,94350
9372125,93167
9180116,82490
9676124,97906
9171116,84550
9475123,95183
9188118,82340
9278121,94351
9184118,85622
9187130,83620
9677128,97778
9778139,87748
9376125,92269
9574123,90537
9571145,91555
9472138,95686
9181120,86923
9773150,89435
9177118,85464
9772141,86850
9182114,83730
9780121,87538
9571146,91604
9673123,97650
9187131,83126
9374121,92685
9374122,92696
9474126,91301
9779146,86735
9177119,85659
9175118,85661
9677129,97833
9678130,97447
9187132,83112
9276121,94258
9175119,83553
9177120,85447
9371121,92271
9172118,83395
9178124,85354
9178124,85356
9779147,86742
9471131,96158
9371122,92272
9373126,92342
9272118,94078
9679131,97252
9189118,83413
9771130,86316
9377118,95688
9777128,87654
9279115,84160
9377119,95689
9672124,97727
9181121,86925
9779148,86681
9272119,94142
9179121,82256
9275121,94538
9275122,94081
9274132,84095
9563000,90762
9563000,90763
9563000,90765
9563000,90766
9563000,90768
9372126,93437
9777129,87629
9772145,86456
9185131,86565
9674139,97503
9176126,85080
9173124,83674
9575124,91605
9178125,85408
9277121,84140
9171117,84518
9184119,85748
9180117,82467
9180117,82475
9183118,83536
9183118,83546
9183118,83555
9183118,83559
9475127,95185
9679134,97253
9188120,82131
9371123,92274
9571152,91607
9472139,95482
9276122,94244
9671119,63826
9278123,94333
9675127,96160
9186122,85290
9274134,84144
9679135,97255
9678132,97505
9181122,82269
9677131,97737
9779149,86682
9374123,92697
9576121,91166
9471133,96161
9277122,84552
9679136,97218
9173126,82538
9575125,91466
9777130,87656
9179123,82110
9672126,97779
9475128,95179
9679137,97256
9571154,91726
9186125,85302
9678134,97447
9772147,86368
9274135,84175
9472140,95494
9571155,91608
9772148,86459
9776112,88167
9679138,97232
9188121,82205
9472141,95496
9671120,63864
9376131,92723
9372128,93477
9175121,85625
9773133,89353
9182116,83703
9577133,91728
9678135,97469
9671121,63773
9472143,95497
9575127,97258
9777131,87657
9677132,97780
9474129,91327
9276123,94239
9279116,84177
9772149,86836
9189119,83355
9184120,82166
9272120,94481
9474132,91322
9677133,97782
9477117,95356
9678136,97506
9372130,93479
9374124,92655
9175122,85567
9271122,94539
9179125,82284
9180118,82491
9272121,94143
9184121,85630
9189120,83224
9271123,94541
9576122,91171
9181123,86926
9173127,83677
9572126,91350
9678138,97508
9679141,97259
9187134,83556
9179126,82194
9772151,86845
9673126,97633
9673127,97633
9572127,91091
9573115,90613
9473132,96269
9676125,63920
9187137,83109
9675131,97320
9176129,85098
9671122,63762
9676126,63868
9180119,82439
9473134,96271
9776113,88167
9184122,82031
9187138,83257
9773136,89423
9471137,96163
9774136,89355
9679142,97261
9777138,87634
9774135,89312
9577136,91710
9376133,92543
9575128,91468
9477118,95358
9472146,95473
9178129,85410
9183119,83527
9184123,85540
9275125,94501
9275125,94542
9190126,82392
9677135,97840
9375143,93095
9575129,91469
9371126,92256
9671124,63808
9278129,94353
9272122,94145
9174121,85778
9171118,84533
9779154,86744
9777173,87642
9780122,87490
9774140,89356
9187139,83128
9178130,85399
9474133,91352
9471140,96103
9171119,84553
9672127,97762
9574128,91230
9779155,86655
9477119,95499
9574129,91235
9278134,94354
9677137,97907
9674147,97437
9179128,82285
9577138,91729
9773137,89437
9673129,97647
9676128,63840
9273125,93345
9474134,91353
9679143,97262
9182119,83734
9275126,94051
9778149,87749
9277124,84332
9174122,85241
9174122,85764
9576126,91180
9577140,91719
9671126,63869
9471142,91332
9571165,91560
9671127,63872
9776114,88178
9778150,87751
9472150,95500
9671128,63871
9183120,84431
9475136,95233
9679144,97264
9375148,93155
9572130,91334
9575130,97258
9673130,97640
9574131,91239
9271125,94491
9176131,85120
9673131,97633
9772156,86465
9776131,88145
9776115,88138
9474135,91336
9572131,90562
9571166,91567
9273127,84097
9188124,82211
9574132,91217
9572132,91074
9572133,91093
9186126,85276
9186126,85304
9186126,85307
9679146,97265
9474137,91077
9673133,97618
9174147,86567
9576127,91161
9772157,86856
9474138,91355
9477121,95502
9677142,97267
9272126,94146
9471145,96114
9371127,92242
9371128,92275
9176132,85122
9679147,97204
9673134,97633
9572135,91315
9773139,89420
9478127,96272
9479126,95186
9464000,95028
9464000,95030
9464000,95032
9674149,97461
9275127,94544
9181124,86928
9779162,86745
9272127,94545
9479127,95691
9184129,85521
9184129,85662
9371129,92277
9373134,92366
9190129,86978
9178133,85411
9184127,85635
9175123,85664
9190130,82383
9177121,84432
9673135,97618
9274141,84098
9186128,86558
9372135,93480
9771140,86568
9472154,96142
9673136,97618
9778151,87752
9775126,89291
9773140,89438
9779163,86684
9375153,93183
9679149,97292
9182120,83607
9777135,87659
9772159,86497
9178132,85413
9671130,63768
9187145,83129
9577141,91798
9190131,82386
9779167,86685
9472155,95503
9278139,94336
9271126,94551
9181126,86857
9275128,94116
9774143,89335
9173130,82057
9190132,82393
9474140,91338
9271127,94547
9181127,86859
9273133,93346
9775129,89257
9575133,91471
9371131,92278
9186130,85304
9377127,95505
9780124,87509
9771141,86570
9190133,86980
9161000,85049
9161000,85051
9161000,85053
9161000,85055
9161000,85057
9272128,94548
9188126,82266
9177122,84416
9571169,91610
9189124,83334
9675139,97346
9575134,97258
9575135,91472
9374127,92699
9278140,94342
9182123,83737
9777139,87660
9177123,84424
9184130,85737
9475137,95188
9473138,96274
9173131,83676
9272129,94118
9777140,86860
9179130,82287
9183122,84555
9774144,89343
9186132,85305
9671133,63867
9277126,84381
9277127,84387
9671134,63796
9779169,86687
9572137,90562
9375156,93183
9777141,87662
9774145,89358
9576128,91126
9778180,87754
9677146,97842
9174126,85757
9185139,86668
9185140,85123
9677148,97753
9671114,63791
9677149,97783
9477124,95359
9171121,84556
9377128,95506
9371132,92280
9762000,87600
9181128,86916
9273137,93309
9775132,89293
9471150,96164
9377129,95478
9763000,87435
9763000,87437
9763000,87439
9778221,86498
9187148,83088
9189126,83361
9176137,85125
9181129,86981
9176138,85110
9189127,83329
9189127,83417
9177124,84434
9276126,94259
9183123,83527
9273139,93348
9277128,84375
9178136,85414
9276127,94261
9474143,91356
9374128,92665
9479129,95158
9472156,95466
9574135,91241
9374129,91281
9275130,94148
9778157,87755
9679153,97268
9184131,85551
9778158,87757
9674160,96166
9278141,94356
9175124,85614
9171122,84558
9676131,63931
9771142,86438
9679154,97270
9675141,97318
9772160,86507
9676132,63924
9671135,63828
9675142,97355
9671136,63801
9679155,97271
9474144,91077
9676133,63839
9676134,63911
9772162,86836
9674163,97478
9173133,82431
9173133,82432
9475141,95189
9477127,95361
9375161,93096
9374131,92702
9187150,83059
9678150,97509
9276128,94262
9674164,97486
9772163,86343
9173134,82549
9471151,96167
9185163,86669
9371135,92281
9377131,95692
9475142,95176
9278143,94357
9176139,85092
9275131,94149
9179131,82288
9774148,89359
9777144,87647
9183124,84559
9188127,82152
9188127,82349
9178137,85402
9182124,83708
9677151,97892
9671138,63829
9476145,96317
9778161,87758
9274145,84178
9774150,86381
9377132,92703
9180122,82467
9180122,82493
9180122,82494
9771144,86556
9772166,86707
9377133,95508
9477128,95326
9477128,96369
9274146,84036
9371136,92245
9474145,91358
9271128,94550
9477129,95362
9476146,96328
9679156,97273
9772167,86500
9375162,93164
9278144,84082
9778162,87760
9271130,94551
9372138,93462
9777145,86862
9279122,94405
9774151,89361
9181130,86899
9181130,86932
9179132,82290
9261000,84028
9261000,84030
9261000,84032
9261000,84034
9261000,84036
9276129,94264
9577148,91799
9178138,85416
9575138,91474
9185143,86571
9772168,86863
9177126,85465
9474146,91094
9573120,90579
9772170,86853
9571170,91731
9273141,84085
9772171,86462
9375165,93138
9780125,87493
9778163,87761
9676135,63925
9671139,63846
9574138,91207
9172122,83410
9773143,86502
9773144,89415
9471152,96169
9373140,92283
9473141,96486
9778164,87763
9777147,86983
9778165,87764
9571171,91611
9278146,94339
9676136,63849
9679200,97274
9574139,91227
9774155,89340
9177127,84435
9777149,87663
9173135,83661
9176143,85101
9377137,95666
9374132,92705
9475145,95191
9474147,91359
9571174,91578
9571175,91586
9475146,95192
9478139,96215
9776116,88131
9276130,94227
9776117,88161
9471154,96170
9471155,96123
9372178,93470
9183125,84494
9677155,97816
9279124,84180
9278147,94359
9572139,91475
9477135,95364
9476152,96337
9374133,92706
9678153,97511
9373143,92331
9773146,89440
9377139,95695
9776118,88167
9779176,86747
9671140,63814
9675144,97350
9273147,84048
9477136,95336
9675146,97320
9179134,82216
9183126,83558
9275132,94094
9277131,84333
9278148,84066
9179136,82291
9279125,94437
9186137,85077
9374134,92708
9679161,97276
9278149,94553
9279126,84163
9575143,91613
9577149,91801
9575144,91477
9675147,97340
9675148,97348
9575145,91459
9478143,96257
9677157,97828
9174131,85229
9171123,84533
9477138,95352
9479135,95168
9575146,91478
9777151,87616
9779177,86748
9479136,95615
9778168,87733
9476183,96364
9172124,83487
9477139,95509
9175127,85570
9675149,97342
9575147,91480
9778169,86865
9478144,96275
9572141,91080
9674171,96126
9189129,83250
9675150,97340
9779178,86688
9178140,85417
9672131,97711
9277133,84323
9178142,85419
9777152,87665
9272134,94151
9376141,93142
9773153,89441
9473144,96484
9779180,86750
9472164,95694
9171124,84561
9577150,91802
9772177,86405
9673142,97638
9471159,96117
9764000,87700
9778171,87766
9279127,84152
9771145,86504
9771146,86415
9571177,91732
9779181,86690
9671141,63875
9271132,94526
9183127,84562
9478145,96247
9678157,97513
9372142,93185
9772178,86866
9182125,83714
9372143,93468
9676139,63897
9778173,87719
9176147,93349
9375170,93098
9780127,87547
9472166,95511
9472167,95490
9571178,91734
9772179,86868
9677159,97785
9179137,82293
9180123,82481
9278151,94360
9277134,84335
9377141,95666
9476154,96268
9773147,89426
9572142,91096
9671143,63776
9676140,63853
9676141,63933
9779184,86751
9571179,91614
9779186,86653
9179138,82272
9271135,94554
9175128,85665
9374137,92709
9178143,85368
9177130,85452
9279128,84164
9176148,91804
9672134,97786
9779185,86753
9375171,93099
9183128,84453
9572143,96172
9373146,92360
9577114,91735
9475154,95213
9162000,80331
9162000,80333
9162000,80335
9162000,80336
9162000,80337
9162000,80339
9162000,80469
9162000,80538
9162000,80539
9162000,80634
9162000,80636
9162000,80637
9162000,80638
9162000,80639
9162000,80686
9162000,80687
9162000,80689
9162000,80796
9162000,80797
9162000,80798
9162000,80799
9162000,80801
9162000,80802
9162000,80803
9162000,80804
9162000,80805
9162000,80807
9162000,80809
9162000,80933
9162000,80935
9162000,80937
9162000,80939
9162000,80992
9162000,80993
9162000,80995
9162000,80997
9162000,80999
9162000,81241
9162000,81243
9162000,81245
9162000,81247
9162000,81248
9162000,81249
9162000,81369
9162000,81371
9162000,81373
9162000,81375
9162000,81377
9162000,81379
9162000,81475
9162000,81476
9162000,81477
9162000,81479
9162000,81539
9162000,81541
9162000,81543
9162000,81545
9162000,81547
9162000,81549
9162000,81667
9162000,81669
9162000,81671
9162000,81673
9162000,81675
9162000,81677
9162000,81679
9162000,81735
9162000,81737
9162000,81739
9162000,81825
9162000,81827
9162000,81829
9162000,81925
9162000,81927
9162000,81929
9162000,85540
9186139,85126
9575150,91481
9672135,97702
9779188,86754
9173137,82541
9779187,86692
9774160,86505
9180124,82418
9376144,92507
9479138,95697
9475156,95119
9178144,85395
9178144,85405
9176149,85128
9577151,91790
9775134,89278
9777153,87484
9187154,83115
9184146,85579
9679164,97277
9275133,94036
9275133,94127
9185149,86633
9774162,86476
9177131,85467
9477142,95512
9571180,91564
9677164,97788
9477143,95339
9178145,85375
9178145,85376
9274153,84088
9274154,84181
9574140,91284
9275134,94152
9575152,90616
9677165,97843
9278154,94362
9376146,92445
9372144,93453
9371141,92259
9275135,94154
9373147,92318
9373147,92348
9183129,84494
9376147,92431
9676143,63930
9474154,91077
9574141,91233
9171125,84524
9272136,94089
9184132,82061
9184132,82131
9772184,86356
9272146,94556
9571181,91616
9377143,95700
9677166,97845
9374140,95514
9575153,91413
9273152,93333
9374139,92660
9473151,96465
9375174,93073
9775135,89231
9775135,89233
9274156,84100
9271138,94557
9183130,84494
9473153,96489
9673146,97618
9376148,92545
9676144,63843
9778177,87767
9779192,86694
9183131,84494
9279130,84183
9678160,97464
9278159,94559
9376149,93149
9375175,93152
9776120,88149
9772185,86695
9476159,96365
9675155,97334
9673147,97647
9779194,86720
9672136,97720
9564000,90402
9564000,90403
9564000,90408
9564000,90409
9564000,90411
9564000,90419
9564000,90425
9564000,90427
9564000,90429
9564000,90431
9564000,90439
9564000,90441
9564000,90443
9564000,90449
9564000,90451
9564000,90453
9564000,90455
9564000,90459
9564000,90461
9564000,90469
9564000,90471
9564000,90473
9564000,90475
9564000,90478
9564000,90480
9564000,90482
9564000,90489
9564000,90491
9189130,83365
9187156,83131
9180125,82487
9573122,90522
9180126,82496
9187157,83080
9674159,97514
9183132,84564
9571183,91617
9177133,85445
9176150,85129
9673149,97656
9771149,86573
9777154,87634
9184134,82041
9184134,82064
9471165,96173
9190135,82386
9185150,86697
9575155,97258
9475158,95145
9672138,97789
9780131,87538
9181131,86836
9573123,90587
9675156,97342
9676145,63785
9779196,86698
9183134,84565
9275137,94107
9275137,94130
9575156,91619
9777155,86869
9772186,86507
9175131,85667
9679169,97241
9271139,94562
9572147,91097
9776121,88179
9778183,87769
9775141,89294
9575157,91483
9184135,85764
9278167,94363
9778184,87770
9678164,97516
9179140,82294
9677169,97791
9190136,82395
9780132,87534
9780133,87561
9673151,97640
9274165,84101
9183135,84419
9672139,97723
9375179,93083
9474156,91286
9376151,92526
9189133,83119
9679170,97199
9174135,85235
9672140,97714
9779197,86732
9271140,94560
9574145,91238
9774171,89362
9780134,87527
9180127,82441
9571188,91620
9179142,82140
9776122,88145
9571189,91737
9275138,94496
9775142,89296
9271141,94486
9777157,87662
9673153,97645
9177134,85570
9574146,91242
9182127,83624
9779198,86700
9778186,87724
9184136,85521
9271143,94563
9780128,87466
9190138,82396
9273159,93351
9189134,83349
9577158,91788
9374144,92711
9278170,94365
9373151,92331
9677170,97846
9262000,94032
9262000,94034
9262000,94036
9177135,85669
9276134,94265
9178150,85307
9377145,95701
9472175,91257
9190139,82380
9190140,86971
9372146,93482
9375180,93080
9190141,82377
9181132,86929
9171126,84567
9278171,94366
9278172,94368
9272138,94157
9571190,91580
9771155,86574
9174136,85238
9375181,93186
9189135,83367
9471169,96175
9778187,87772
9174137,85235
9186143,85276
9775143,89284
9187159,83539
9375182,93101
9277138,84347
9674184,96176
9375183,93102
9274172,84076
9577159,91738
9176153,85104
9777158,87666
9376153,92536
9777159,87459
9272139,94158
9172128,83451
9375184,93188
9373153,92367
9279132,94431
9474158,91361
9374146,92712
9189137,83132
9184138,82152
9472176,95515
9271146,94447
9472177,91287
9577161,91785
9171127,84568
9778188,87773
9374147,92714
9175133,85652
9377146,95703
9275141,94060
9188137,82343
9175135,85586
9176155,85131
9190142,82398
9183136,84570
9577162,91805
9574147,91224
9471172,96178
9678168,97490
9371144,92284
9186144,85309
9372147,93483
9274174,84103
9373155,92353
9277139,84389
9472179,91278
9771156,86554
9474160,91099
9276135,94267
9472180,95473
9190143,86984
9374149,92690
9477148,95355
9476164,96332
9474161,91362
9675158,97357
9187162,83209
9471173,96170
9181134,86931
9679174,97279
9187163,83134
9374150,92715
9179145,82178
9184139,82049
9377148,95704
9181141,86932
9573124,90617
9184140,85640
9373156,90602
9278177,94369
9779201,86641
9190144,82399
9577163,91790
9187164,83561
9778209,86871
9172129,83486
9672142,97729
9679175,97236
9672143,97517
9471174,96179
9278178,94371
9183138,84431
9278179,94372
9187165,83064
9674187,96181
9677172,97848
9183139,83562
9471175,96182
9576137,91126
9478155,96257
9276138,94209
9362000,93047
9362000,93049
9362000,93051
9362000,93053
9362000,93055
9362000,93057
9362000,93059
9375190,93128
9475161,95194
9475162,95111
9771158,86508
9372149,93189
9476166,96358
9679176,97234
9574150,91244
9173140,83677
9186146,85293
9183140,84437
9186147,85084
9181135,86934
9779203,86756
9279134,94419
9171129,84571
9189139,83242
9679177,97280
9185153,86643
9674190,96184
9372150,93191
9774174,89364
9777183,87675
9780137,87549
9677175,97282
9277140,84367
9377149,92717
9771160,86510
9674153,97519
9777164,87668
9371146,92286
9777163,87669
9672145,97792
9273164,93339
9679179,97283
9187167,83083
9180128,82418
9375191,93104
9677177,97794
9277141,84326
9372151,93485
9679180,97222
9187168,83253
9276139,94269
9272140,94160
9571192,91740
9673156,97618
9675161,97348
9677178,97849
9473159,96472
9372153,93426
9774178,89365
9775149,89297
9779206,86703
9576142,91189
9186149,85296
9187169,83101
9185157,86701
9273165,93352
9174141,85244
9272141,94133
9676151,63934
9777165,87671
9163000,83022
9163000,83024
9163000,83026
9479145,95195
9277142,94439
9777166,87672
9573125,90574
9576143,91154
9776124,88167
9574152,90552
9671148,63860
9671148,97840
9571193,91541
9677181,97851
9678170,97520
9181137,86935
9182129,83700
9187170,83543
9576141,91187
9572149,91341
9190145,82401
9274176,84056
9679185,97228
9275143,94094
9679182,97285
9372154,92444
9574154,90607
9777168,87494
9178122,84104
9676153,63924
9675162,97355
9777167,87674
9275144,94161
9477151,95365
9571194,91622
9276142,94239
9189140,83324
9275145,94099
9372155,93486
9273166,93342
9673160,97633
9172130,83416
9571196,91623
9173141,83679
9671150,63877
9278182,94330
9272142,94163
9778190,87775
9673161,97616
9275146,94121
9187172,83122
9674195,97522
9673162,97657
9278184,94379
9272143,94566
9272143,94568
9177137,84427
9184141,82054
9180129,82442
9184142,82067
9184142,82069
9274179,84175
9475165,95197
9271148,94571
9187142,83135
9776125,88175
9575161,91443
9176160,85132
9772197,86872
9471185,96110
9181138,86937
9186151,85298
9375196,84069
9571198,91583
9771162,86576
9374154,92718
9479147,95706
9374155,95519
9189141,83259
9173142,82439
9173142,82444
9182131,83727
9471220,96132
9376159,92546
9371148,92287
9771163,86511
9472184,91289
9189142,83530
9574155,91220
9371150,92253
9476171,96277
9676156,63936
9172131,83458
9571199,91625
9272145,94572
9677182,97852
9677182,97907
9671152,63825
9271149,94508
9277144,84337
9673163,97659
9172132,83471
9183143,84573
9272147,94513
9471186,96185
9181139,86938
9672149,97795
9190148,86956
9179147,82296
9376160,92539
9187173,83137
9372157,93488
9678174,97453
9479150,95173
9571200,91626
9372158,93489
9185158,86529
9565000,91126
9190149,86986
9174143,85247
9772200,86830
9190151,86987
9574156,90571
9180131,82445
9376161,92421
9678175,97523
9777169,87645
9576132,90596
9278187,94374
9675165,97359
9376162,92548
9374156,92720
9475168,95126
9475169,95131
9574157,90592
9376163,92521
9376164,92447
9678176,97525
9662000,97421
9662000,97422
9662000,97424
9186152,85301
9773164,89443
9181140,86940
9183144,84419
9188132,82229
9777170,87637
9180132,82418
9189143,83358
9189143,83370
9189143,83376
9190152,82402
9675166,97340
9675167,97342
9479152,95100
9475171,95152
9775152,89250
9373159,92369
9678178,97526
9473165,96145
9373160,92358
9573126,90556
9472188,95517
9273172,93354
9189145,83313
9771165,86577
9776126,88138
9277145,84359
9279135,94436
9574158,91245
9575163,97215
9190153,82404
9375199,93161
9187174,83139
9577168,91807
9675169,97334
9679187,97286
9671153,63825
9679188,97255
9673167,97647
9473166,96242
9275148,94164
9778196,87776
9780139,87527
9187176,83564
9576147,91174
9572154,91080
9475174,95234
9180133,82418
9180133,82447
9472190,95469
9374157,92676
9272149,94518
9471189,96187
9376167,92549
9772202,86391
9678181,97488
9676158,97909
9477156,95346
9278189,94375
9475175,95236
9171130,84533
9176161,85092
9176161,85134
9372161,93491
9188139,82319
9189146,83224
9471191,96135
9573127,90547
9278190,94377
9476175,96361
9376168,92449
9771168,82297
9677186,97854
9190154,86989
9175137,85643
9177138,84439
9571205,91628
9476177,96349
9187177,83071
9271151,94569
9778199,87778
9674201,96188
9776127,88167
9673170,97640
9476178,96342
9671155,63811
9374158,92721
9777171,87675
9777172,87677
9673171,97618
9278192,94342
9184144,82064
9263000,94315
9471195,96129
9277147,94166
9376169,92551
9575165,91438
9575165,91484
9676160,63834
9371151,92237
9780140,87477
9673172,97528
9174146,85254
9174146,85259
9673173,97633
9675170,97320
9678183,97529
9672155,97717
9375201,93104
9189148,83362
9773170,89428
9189149,83342
9189150,83373
9779217,86704
9277148,84367
9374159,92723
9779218,86660
9679192,97285
9184145,82024
9177139,84416
9183145,84574
9375204,93105
9182132,83684
9172134,83317
9172134,83364
9171131,84576
9276143,94244
9476179,96355
9275149,94167
9376170,93158
9273175,93356
9376171,92552
9476180,96358
9181142,86943
9375205,93107
9576148,91177
9774185,86470
9376172,92554
9577172,91741
9679193,97288
9374160,92637
9674180,97531
9772207,86672
9479158,95707
9479159,95199
9672157,97711
9677189,97289
9679194,97291
9272150,94169
9477157,95349
9275150,94136
9274182,84184
9275151,94113
9372163,93464
9377154,95643
9176164,85135
9275152,94104
9189152,84529
9771169,86447
9171132,84513
9475181,95183
9374148,92724
9273177,93358
9372164,93455
9673174,97633
9189154,83301
9189154,83368
9189154,83371
9189154,83374
9189155,83278
9376173,92555
9575166,90619
9477158,95367
9372165,93492
9577173,91757
9677154,97855
9277149,84371
9475182,95183
9479161,95709
9189157,83308
9778202,87779
9476182,96367
9573129,90587
9187179,83104
9179149,82299
9778203,86842
9778204,86874
9171133,84577
9188141,82327
9171134,84558
9189159,83236
9678186,97532
9575167,91486
9679196,97292
9575168,97215
9180134,82449
9778205,87781
9673175,97618
9180135,82497
9181143,86944
9277151,84339
9778207,87782
9184147,85774
9275153,94107
9184148,82008
9474168,91364
9772209,86836
9674210,96190
9171135,84579
9679201,97294
9183147,83567
9775161,89299
9184149,85716
9571208,91743
9473170,96253
9477159,95369
9777175,87647
9189160,83246
9777176,87496
9774116,86513
9371154,92289
9677193,97857
9772211,86514
9572158,91080
9181144,86919
9189161,83377
9182133,83626
9175132,85591
9175132,85598
9175132,85599
9175132,85622
9175132,85646
9573130,90587
9679202,97209
9373167,92355
9274183,84149
9574160,91235
9572159,91487
9276144,94234
9471207,96191
9174150,85256
9181133,86946
9773179,86637
9274184,84137
9371156,92249
9274185,84186
9275154,94474
9187181,83569
9186158,85088
9374162,92648
9775162,89269
9675174,97332
9273178,84106
9374163,95519
9574161,91247
9182134,83666
9777177,86875
9572160,96193
9173145,83646
9376175,92442
9372168,93494
9189162,83329
9374164,92726
9185166,86579
9678190,97534
9472197,91344
9777179,87616
9372169,93192
9671156,63857
9679204,97295
9679205,97297
9372170,93194
9377157,95679
9272151,94065
9183148,84478
9372171,93449
9377158,95652
9774191,89367
9374165,92727
9772214,86877
9476184,96346
9271152,94574
9279137,94522
9779224,86757
9180136,82499
9177142,85469
9471208,96194
9774192,86480
9780143,87448
9176165,85137
9178155,85368
9472198,95485
9182136,83627
9177143,85456
9672161,97797
9187182,83512
9776128,88142
9678192,97535
9571214,91717
9471209,96196
9779226,86759
9275156,94110
9772215,86517
9671157,63879
9185168,86706
9174151,85258
9571216,91746
9472199,95466
9363000,92637
9473174,96279
9372174,93495
9376176,92557
9371157,91249
9575179,97215
9571217,91629
9374166,92700
9374166,92729
9274187,84107
9181145,86947
9676165,63937
9474171,91365
9776129,88171
9190157,82362
9571218,91744
9572164,91085
9478176,96260
9475184,95237
9476185,96369
9577177,91781
9775164,89264
9474173,91367
9776130,88138
9479166,95163
9780144,87480
9473175,96479
9772216,86465
9176166,91809
9779228,86650
9576151,90530
9274188,84187
9375208,93173
9376150,92533
9678193,97440
9780145,87497
9773182,86637
9188144,82234
9190158,82405
9772217,86707
9777182,87679
9778214,87784
9671159,63825
9577179,91747
9571222,91631
9176167,85139
9182137,83629
9778216,86879
9190159,82407
9377159,95676
9671162,63831
9774189,86519
9675177,97355
9278197,94344
9375209,93109
9474175,91369
9675178,97353
9474176,91346
9571223,91632
9677200,97859
9780146,87487
9571224,91634
9273181,93359
9672163,97772
9780147,87499
9190160,82409
9575181,91489
9476189,96352
9573133,91452
9675179,97348
9673182,97647
9372175,93497
9181146,86949
9278198,94336
9571225,91635
9374168,92670
9275159,94575
9571226,91575
9171137,84543
9574164,90610
9376178,92559
9774196,89368
9679206,97286
9778217,87785
9271153,94577
9678196,97537
9477163,95339
9571227,91749
9277152,84384
9773183,89426
9275160,94104
9178156,85395
9779231,86709
9778218,87787
9571229,91639
9173147,82515
9375211,93195
9673183,97618
9186162,85283
9674219,97539
9189165,83379
9477164,96197
9778219,87789
9571228,91637
9177144,85457
9274191,84109
9676169,63939
9375210,93086
9188145,82237
9673184,97618
9479169,95632
9277153,84329
9274193,84189
9663000,97070
9663000,97072
9663000,97074
9663000,97076
9663000,97078
9663000,97080
9663000,97082
9663000,97084
9276146,94239
9372177,93499
9183151,84539
9471214,96199
9674221,97475
9277154,84367
9375213,93197
9672166,97799
9372167,93199
9679209,97299
9475189,95239
9677203,97225
9272152,94579
9774198,86473
9773186,89446
9573134,90513
9178157,85406
9175139,85604
9773187,89447
9773188,86637
9772223,86441
9276148,94227
